연도,회차,일차,경주번호,경기종류
2024,1,1,1,플라잉
2024,1,1,2,플라잉
2024,1,1,3,플라잉
2024,1,1,4,플라잉
2024,1,1,5,플라잉
2024,1,1,6,플라잉
2024,1,1,7,플라잉
2024,1,1,8,플라잉
2024,1,1,9,플라잉
2024,1,1,10,플라잉
2024,1,1,11,플라잉
2024,1,1,12,플라잉
2024,1,1,13,플라잉
2024,1,1,14,플라잉
2024,1,1,15,플라잉
2024,1,1,16,플라잉
2024,1,1,17,플라잉
2024,1,2,1,플라잉
2024,1,2,2,플라잉
2024,1,2,3,플라잉
2024,1,2,4,플라잉
2024,1,2,5,플라잉
2024,1,2,6,플라잉
2024,1,2,7,플라잉
2024,1,2,8,플라잉
2024,1,2,9,플라잉
2024,1,2,10,플라잉
2024,1,2,11,플라잉
2024,1,2,12,플라잉
2024,1,2,13,플라잉
2024,1,2,14,플라잉
2024,1,2,15,플라잉
2024,1,2,16,플라잉
2024,1,2,17,플라잉
2024,2,1,1,플라잉
2024,2,1,2,플라잉
2024,2,1,3,플라잉
2024,2,1,4,플라잉
2024,2,1,5,플라잉
2024,2,1,6,플라잉
2024,2,1,7,플라잉
2024,2,1,8,플라잉
2024,2,1,9,플라잉
2024,2,1,10,플라잉
2024,2,1,11,플라잉
2024,2,1,12,플라잉
2024,2,1,13,플라잉
2024,2,1,14,플라잉
2024,2,1,15,플라잉
2024,2,1,16,플라잉
2024,2,1,17,플라잉
2024,2,2,1,플라잉
2024,2,2,2,플라잉
2024,2,2,3,플라잉
2024,2,2,4,플라잉
2024,2,2,5,플라잉
2024,2,2,6,플라잉
2024,2,2,7,플라잉
2024,2,2,8,플라잉
2024,2,2,9,플라잉
2024,2,2,10,플라잉
2024,2,2,11,플라잉
2024,2,2,12,플라잉
2024,2,2,13,플라잉
2024,2,2,14,플라잉
2024,2,2,15,플라잉
2024,2,2,16,플라잉
2024,2,2,17,플라잉
2024,3,1,1,플라잉
2024,3,1,2,플라잉
2024,3,1,3,플라잉
2024,3,1,4,플라잉
2024,3,1,5,플라잉
2024,3,1,6,플라잉
2024,3,1,7,플라잉
2024,3,1,8,플라잉
2024,3,1,9,플라잉
2024,3,1,10,플라잉
2024,3,1,11,플라잉
2024,3,1,12,플라잉
2024,3,1,13,플라잉
2024,3,1,14,플라잉
2024,3,1,15,플라잉
2024,3,1,16,플라잉
2024,3,1,17,플라잉
2024,3,2,1,플라잉
2024,3,2,2,플라잉
2024,3,2,3,플라잉
2024,3,2,4,플라잉
2024,3,2,5,플라잉
2024,3,2,6,플라잉
2024,3,2,7,플라잉
2024,3,2,8,플라잉
2024,3,2,9,플라잉
2024,3,2,10,플라잉
2024,3,2,11,플라잉
2024,3,2,12,플라잉
2024,3,2,13,플라잉
2024,3,2,14,플라잉
2024,3,2,15,플라잉
2024,3,2,16,플라잉
2024,3,2,17,플라잉
2024,4,1,1,플라잉
2024,4,1,2,플라잉
2024,4,1,3,플라잉
2024,4,1,4,플라잉
2024,4,1,5,플라잉
2024,4,1,6,플라잉
2024,4,1,7,플라잉
2024,4,1,8,플라잉
2024,4,1,9,플라잉
2024,4,1,10,플라잉
2024,4,1,11,플라잉
2024,4,1,12,플라잉
2024,4,1,13,플라잉
2024,4,1,14,플라잉
2024,4,1,15,플라잉
2024,4,1,16,플라잉
2024,4,1,17,플라잉
2024,4,2,1,플라잉
2024,4,2,2,플라잉
2024,4,2,3,플라잉
2024,4,2,4,플라잉
2024,4,2,5,플라잉
2024,4,2,6,플라잉
2024,4,2,7,플라잉
2024,4,2,8,플라잉
2024,4,2,9,플라잉
2024,4,2,10,플라잉
2024,4,2,11,플라잉
2024,4,2,12,플라잉
2024,4,2,13,플라잉
2024,4,2,14,플라잉
2024,4,2,15,플라잉
2024,4,2,16,플라잉
2024,4,2,17,플라잉
2024,5,1,1,플라잉
2024,5,1,2,플라잉
2024,5,1,3,플라잉
2024,5,1,4,플라잉
2024,5,1,5,플라잉
2024,5,1,6,플라잉
2024,5,1,7,플라잉
2024,5,1,8,플라잉
2024,5,1,9,플라잉
2024,5,1,10,플라잉
2024,5,1,11,플라잉
2024,5,1,12,플라잉
2024,5,1,13,플라잉
2024,5,1,14,플라잉
2024,5,1,15,플라잉
2024,5,1,16,플라잉
2024,5,1,17,플라잉
2024,5,2,1,플라잉
2024,5,2,2,플라잉
2024,5,2,3,플라잉
2024,5,2,4,플라잉
2024,5,2,5,플라잉
2024,5,2,6,플라잉
2024,5,2,7,플라잉
2024,5,2,8,플라잉
2024,5,2,9,플라잉
2024,5,2,10,플라잉
2024,5,2,11,플라잉
2024,5,2,12,플라잉
2024,5,2,13,플라잉
2024,5,2,14,플라잉
2024,5,2,15,플라잉
2024,5,2,16,플라잉
2024,5,2,17,플라잉
2024,6,1,1,플라잉
2024,6,1,2,플라잉
2024,6,1,3,플라잉
2024,6,1,4,플라잉
2024,6,1,5,플라잉
2024,6,1,6,플라잉
2024,6,1,7,플라잉
2024,6,1,8,플라잉
2024,6,1,9,플라잉
2024,6,1,10,플라잉
2024,6,1,11,플라잉
2024,6,1,12,플라잉
2024,6,1,13,플라잉
2024,6,1,14,플라잉
2024,6,1,15,플라잉
2024,6,1,16,플라잉
2024,6,1,17,플라잉
2024,6,2,1,플라잉
2024,6,2,2,플라잉
2024,6,2,3,플라잉
2024,6,2,4,플라잉
2024,6,2,5,플라잉
2024,6,2,6,플라잉
2024,6,2,7,플라잉
2024,6,2,8,플라잉
2024,6,2,9,플라잉
2024,6,2,10,플라잉
2024,6,2,11,플라잉
2024,6,2,12,플라잉
2024,6,2,13,플라잉
2024,6,2,14,플라잉
2024,6,2,15,플라잉
2024,6,2,16,플라잉
2024,6,2,17,플라잉
2024,7,1,1,플라잉
2024,7,1,2,플라잉
2024,7,1,3,플라잉
2024,7,1,4,플라잉
2024,7,1,5,플라잉
2024,7,1,6,플라잉
2024,7,1,7,플라잉
2024,7,1,8,플라잉
2024,7,1,9,플라잉
2024,7,1,10,플라잉
2024,7,1,11,플라잉
2024,7,1,12,플라잉
2024,7,1,13,플라잉
2024,7,1,14,플라잉
2024,7,1,15,플라잉
2024,7,1,16,플라잉
2024,7,1,17,플라잉
2024,7,2,1,플라잉
2024,7,2,2,플라잉
2024,7,2,3,플라잉
2024,7,2,4,플라잉
2024,7,2,5,플라잉
2024,7,2,6,플라잉
2024,7,2,7,플라잉
2024,7,2,8,플라잉
2024,7,2,9,플라잉
2024,7,2,10,플라잉
2024,7,2,11,플라잉
2024,7,2,12,플라잉
2024,7,2,13,플라잉
2024,7,2,14,플라잉
2024,7,2,15,플라잉
2024,7,2,16,플라잉
2024,7,2,17,플라잉
2024,8,1,1,플라잉
2024,8,1,2,플라잉
2024,8,1,3,플라잉
2024,8,1,4,플라잉
2024,8,1,5,플라잉
2024,8,1,6,플라잉
2024,8,1,7,플라잉
2024,8,1,8,플라잉
2024,8,1,9,플라잉
2024,8,1,10,플라잉
2024,8,1,11,플라잉
2024,8,1,12,플라잉
2024,8,1,13,플라잉
2024,8,1,14,플라잉
2024,8,1,15,플라잉
2024,8,1,16,온라인
2024,8,1,17,온라인
2024,8,2,1,플라잉
2024,8,2,2,플라잉
2024,8,2,3,플라잉
2024,8,2,4,플라잉
2024,8,2,5,플라잉
2024,8,2,6,플라잉
2024,8,2,7,플라잉
2024,8,2,8,플라잉
2024,8,2,9,플라잉
2024,8,2,10,플라잉
2024,8,2,11,플라잉
2024,8,2,12,플라잉
2024,8,2,13,플라잉
2024,8,2,14,플라잉
2024,8,2,15,플라잉
2024,8,2,16,온라인
2024,8,2,17,온라인
2024,9,1,1,플라잉
2024,9,1,2,플라잉
2024,9,1,3,플라잉
2024,9,1,4,플라잉
2024,9,1,5,플라잉
2024,9,1,6,플라잉
2024,9,1,7,플라잉
2024,9,1,8,플라잉
2024,9,1,9,플라잉
2024,9,1,10,플라잉
2024,9,1,11,플라잉
2024,9,1,12,플라잉
2024,9,1,13,플라잉
2024,9,1,14,플라잉
2024,9,1,15,플라잉
2024,9,1,16,온라인
2024,9,1,17,온라인
2024,9,2,1,플라잉
2024,9,2,2,플라잉
2024,9,2,3,플라잉
2024,9,2,4,플라잉
2024,9,2,5,플라잉
2024,9,2,6,플라잉
2024,9,2,7,플라잉
2024,9,2,8,플라잉
2024,9,2,9,플라잉
2024,9,2,10,플라잉
2024,9,2,11,플라잉
2024,9,2,12,플라잉
2024,9,2,13,플라잉
2024,9,2,14,플라잉
2024,9,2,15,플라잉
2024,9,2,16,온라인
2024,9,2,17,온라인
2024,10,1,1,플라잉
2024,10,1,2,플라잉
2024,10,1,3,플라잉
2024,10,1,4,플라잉
2024,10,1,5,플라잉
2024,10,1,6,플라잉
2024,10,1,7,플라잉
2024,10,1,8,플라잉
2024,10,1,9,플라잉
2024,10,1,10,플라잉
2024,10,1,11,플라잉
2024,10,1,12,플라잉
2024,10,1,13,플라잉
2024,10,1,14,플라잉
2024,10,1,15,플라잉
2024,10,1,16,온라인
2024,10,1,17,온라인
2024,10,2,1,플라잉
2024,10,2,2,플라잉
2024,10,2,3,플라잉
2024,10,2,4,플라잉
2024,10,2,5,플라잉
2024,10,2,6,플라잉
2024,10,2,7,플라잉
2024,10,2,8,플라잉
2024,10,2,9,플라잉
2024,10,2,10,플라잉
2024,10,2,11,플라잉
2024,10,2,12,플라잉
2024,10,2,13,플라잉
2024,10,2,14,플라잉
2024,10,2,15,플라잉
2024,10,2,16,온라인
2024,10,2,17,온라인
2024,11,1,1,플라잉
2024,11,1,2,플라잉
2024,11,1,3,플라잉
2024,11,1,4,플라잉
2024,11,1,5,플라잉
2024,11,1,6,플라잉
2024,11,1,7,플라잉
2024,11,1,8,플라잉
2024,11,1,9,플라잉
2024,11,1,10,플라잉
2024,11,1,11,플라잉
2024,11,1,12,플라잉
2024,11,1,13,플라잉
2024,11,1,14,플라잉
2024,11,1,15,플라잉
2024,11,1,16,온라인
2024,11,1,17,온라인
2024,11,2,1,플라잉
2024,11,2,2,플라잉
2024,11,2,3,플라잉
2024,11,2,4,플라잉
2024,11,2,5,플라잉
2024,11,2,6,플라잉
2024,11,2,7,플라잉
2024,11,2,8,플라잉
2024,11,2,9,플라잉
2024,11,2,10,플라잉
2024,11,2,11,플라잉
2024,11,2,12,플라잉
2024,11,2,13,플라잉
2024,11,2,14,플라잉
2024,11,2,15,플라잉
2024,11,2,16,온라인
2024,11,2,17,온라인
2024,12,1,1,플라잉
2024,12,1,2,플라잉
2024,12,1,3,플라잉
2024,12,1,4,플라잉
2024,12,1,5,플라잉
2024,12,1,6,플라잉
2024,12,1,7,플라잉
2024,12,1,8,플라잉
2024,12,1,9,플라잉
2024,12,1,10,플라잉
2024,12,1,11,플라잉
2024,12,1,12,플라잉
2024,12,1,13,플라잉
2024,12,1,14,플라잉
2024,12,1,15,플라잉
2024,12,1,16,온라인
2024,12,1,17,온라인
2024,12,2,1,플라잉
2024,12,2,2,플라잉
2024,12,2,3,플라잉
2024,12,2,4,플라잉
2024,12,2,5,플라잉
2024,12,2,6,플라잉
2024,12,2,7,플라잉
2024,12,2,8,플라잉
2024,12,2,9,플라잉
2024,12,2,10,플라잉
2024,12,2,11,플라잉
2024,12,2,12,플라잉
2024,12,2,13,플라잉
2024,12,2,14,플라잉
2024,12,2,15,플라잉
2024,12,2,16,온라인
2024,12,2,17,온라인
2024,13,1,1,플라잉
2024,13,1,2,플라잉
2024,13,1,3,플라잉
2024,13,1,4,플라잉
2024,13,1,5,플라잉
2024,13,1,6,플라잉
2024,13,1,7,플라잉
2024,13,1,8,플라잉
2024,13,1,9,플라잉
2024,13,1,10,플라잉
2024,13,1,11,플라잉
2024,13,1,12,플라잉
2024,13,1,13,플라잉
2024,13,1,14,플라잉
2024,13,1,15,플라잉
2024,13,1,16,온라인
2024,13,1,17,온라인
2024,13,2,1,플라잉
2024,13,2,2,플라잉
2024,13,2,3,플라잉
2024,13,2,4,플라잉
2024,13,2,5,플라잉
2024,13,2,6,플라잉
2024,13,2,7,플라잉
2024,13,2,8,플라잉
2024,13,2,9,플라잉
2024,13,2,10,플라잉
2024,13,2,11,플라잉
2024,13,2,12,플라잉
2024,13,2,13,플라잉
2024,13,2,14,플라잉
2024,13,2,15,플라잉
2024,13,2,16,온라인
2024,13,2,17,온라인
2024,14,1,1,플라잉
2024,14,1,2,플라잉
2024,14,1,3,플라잉
2024,14,1,4,플라잉
2024,14,1,5,플라잉
2024,14,1,6,플라잉
2024,14,1,7,플라잉
2024,14,1,8,플라잉
2024,14,1,9,플라잉
2024,14,1,10,플라잉
2024,14,1,11,플라잉
2024,14,1,12,플라잉
2024,14,1,13,플라잉
2024,14,1,14,플라잉
2024,14,1,15,플라잉
2024,14,1,16,온라인
2024,14,1,17,온라인
2024,14,2,1,플라잉
2024,14,2,2,플라잉
2024,14,2,3,플라잉
2024,14,2,4,플라잉
2024,14,2,5,플라잉
2024,14,2,6,플라잉
2024,14,2,7,플라잉
2024,14,2,8,플라잉
2024,14,2,9,플라잉
2024,14,2,10,플라잉
2024,14,2,11,플라잉
2024,14,2,12,플라잉
2024,14,2,13,플라잉
2024,14,2,14,플라잉
2024,14,2,15,플라잉
2024,14,2,16,온라인
2024,14,2,17,온라인
2024,15,1,1,플라잉
2024,15,1,2,플라잉
2024,15,1,3,플라잉
2024,15,1,4,플라잉
2024,15,1,5,플라잉
2024,15,1,6,플라잉
2024,15,1,7,플라잉
2024,15,1,8,플라잉
2024,15,1,9,플라잉
2024,15,1,10,플라잉
2024,15,1,11,플라잉
2024,15,1,12,플라잉
2024,15,1,13,플라잉
2024,15,1,14,플라잉
2024,15,1,15,플라잉
2024,15,1,16,온라인
2024,15,1,17,온라인
2024,16,1,1,플라잉
2024,16,1,2,플라잉
2024,16,1,3,플라잉
2024,16,1,4,플라잉
2024,16,1,5,플라잉
2024,16,1,6,플라잉
2024,16,1,7,플라잉
2024,16,1,8,플라잉
2024,16,1,9,플라잉
2024,16,1,10,플라잉
2024,16,1,11,플라잉
2024,16,1,12,플라잉
2024,16,1,13,플라잉
2024,16,1,14,플라잉
2024,16,1,15,플라잉
2024,16,1,16,온라인
2024,16,1,17,온라인
2024,16,2,1,플라잉
2024,16,2,2,플라잉
2024,16,2,3,플라잉
2024,16,2,4,플라잉
2024,16,2,5,플라잉
2024,16,2,6,플라잉
2024,16,2,7,플라잉
2024,16,2,8,플라잉
2024,16,2,9,플라잉
2024,16,2,10,플라잉
2024,16,2,11,플라잉
2024,16,2,12,플라잉
2024,16,2,13,플라잉
2024,16,2,14,플라잉
2024,16,2,15,플라잉
2024,16,2,16,온라인
2024,16,2,17,온라인
2024,17,1,1,플라잉
2024,17,1,2,플라잉
2024,17,1,3,플라잉
2024,17,1,4,플라잉
2024,17,1,5,플라잉
2024,17,1,6,플라잉
2024,17,1,7,플라잉
2024,17,1,8,플라잉
2024,17,1,9,플라잉
2024,17,1,10,플라잉
2024,17,1,11,플라잉
2024,17,1,12,플라잉
2024,17,1,13,플라잉
2024,17,1,14,플라잉
2024,17,1,15,플라잉
2024,17,1,16,온라인
2024,17,1,17,온라인
2024,17,2,1,플라잉
2024,17,2,2,플라잉
2024,17,2,3,플라잉
2024,17,2,4,플라잉
2024,17,2,5,플라잉
2024,17,2,6,플라잉
2024,17,2,7,플라잉
2024,17,2,8,플라잉
2024,17,2,9,플라잉
2024,17,2,10,플라잉
2024,17,2,11,플라잉
2024,17,2,12,플라잉
2024,17,2,13,플라잉
2024,17,2,14,플라잉
2024,17,2,15,플라잉
2024,17,2,16,온라인
2024,17,2,17,온라인
2024,18,1,1,플라잉
2024,18,1,2,플라잉
2024,18,1,3,플라잉
2024,18,1,4,플라잉
2024,18,1,5,플라잉
2024,18,1,6,플라잉
2024,18,1,7,플라잉
2024,18,1,8,플라잉
2024,18,1,9,플라잉
2024,18,1,10,플라잉
2024,18,1,11,플라잉
2024,18,1,12,플라잉
2024,18,1,13,플라잉
2024,18,1,14,플라잉
2024,18,1,15,플라잉
2024,18,1,16,온라인
2024,18,1,17,온라인
2024,18,2,1,플라잉
2024,18,2,2,플라잉
2024,18,2,3,플라잉
2024,18,2,4,플라잉
2024,18,2,5,플라잉
2024,18,2,6,플라잉
2024,18,2,7,플라잉
2024,18,2,8,플라잉
2024,18,2,9,플라잉
2024,18,2,10,플라잉
2024,18,2,11,플라잉
2024,18,2,12,플라잉
2024,18,2,13,플라잉
2024,18,2,14,플라잉
2024,18,2,15,플라잉
2024,18,2,16,온라인
2024,18,2,17,온라인
2024,19,1,1,플라잉
2024,19,1,2,플라잉
2024,19,1,3,플라잉
2024,19,1,4,플라잉
2024,19,1,5,플라잉
2024,19,1,6,플라잉
2024,19,1,7,플라잉
2024,19,1,8,플라잉
2024,19,1,9,플라잉
2024,19,1,10,플라잉
2024,19,1,11,플라잉
2024,19,1,12,플라잉
2024,19,1,13,플라잉
2024,19,1,14,플라잉
2024,19,1,15,플라잉
2024,19,1,16,온라인
2024,19,1,17,온라인
2024,19,2,1,플라잉
2024,19,2,2,플라잉
2024,19,2,3,플라잉
2024,19,2,4,플라잉
2024,19,2,5,플라잉
2024,19,2,6,플라잉
2024,19,2,7,플라잉
2024,19,2,8,플라잉
2024,19,2,9,플라잉
2024,19,2,10,플라잉
2024,19,2,11,플라잉
2024,19,2,12,플라잉
2024,19,2,13,플라잉
2024,19,2,14,플라잉
2024,19,2,15,플라잉
2024,19,2,16,온라인
2024,19,2,17,온라인
2024,20,1,1,플라잉
2024,20,1,2,플라잉
2024,20,1,3,플라잉
2024,20,1,4,플라잉
2024,20,1,5,플라잉
2024,20,1,6,플라잉
2024,20,1,7,플라잉
2024,20,1,8,플라잉
2024,20,1,9,플라잉
2024,20,1,10,플라잉
2024,20,1,11,플라잉
2024,20,1,12,플라잉
2024,20,1,13,플라잉
2024,20,1,14,플라잉
2024,20,1,15,플라잉
2024,20,1,16,온라인
2024,20,1,17,온라인
2024,20,2,1,플라잉
2024,20,2,2,플라잉
2024,20,2,3,플라잉
2024,20,2,4,플라잉
2024,20,2,5,플라잉
2024,20,2,6,플라잉
2024,20,2,7,플라잉
2024,20,2,8,플라잉
2024,20,2,9,플라잉
2024,20,2,10,플라잉
2024,20,2,11,플라잉
2024,20,2,12,플라잉
2024,20,2,13,플라잉
2024,20,2,14,플라잉
2024,20,2,15,플라잉
2024,20,2,16,온라인
2024,20,2,17,온라인
2024,21,1,1,플라잉
2024,21,1,2,플라잉
2024,21,1,3,플라잉
2024,21,1,4,플라잉
2024,21,1,5,플라잉
2024,21,1,6,플라잉
2024,21,1,7,플라잉
2024,21,1,8,플라잉
2024,21,1,9,플라잉
2024,21,1,10,플라잉
2024,21,1,11,플라잉
2024,21,1,12,플라잉
2024,21,1,13,플라잉
2024,21,1,14,플라잉
2024,21,1,15,플라잉
2024,21,1,16,온라인
2024,21,1,17,온라인
2024,21,2,1,플라잉
2024,21,2,2,플라잉
2024,21,2,3,플라잉
2024,21,2,4,플라잉
2024,21,2,5,플라잉
2024,21,2,6,플라잉
2024,21,2,7,플라잉
2024,21,2,8,플라잉
2024,21,2,9,플라잉
2024,21,2,10,플라잉
2024,21,2,11,플라잉
2024,21,2,12,플라잉
2024,21,2,13,플라잉
2024,21,2,14,플라잉
2024,21,2,15,플라잉
2024,21,2,16,온라인
2024,21,2,17,온라인
2024,22,1,1,플라잉
2024,22,1,2,플라잉
2024,22,1,3,플라잉
2024,22,1,4,플라잉
2024,22,1,5,플라잉
2024,22,1,6,플라잉
2024,22,1,7,플라잉
2024,22,1,8,플라잉
2024,22,1,9,플라잉
2024,22,1,10,플라잉
2024,22,1,11,플라잉
2024,22,1,12,플라잉
2024,22,1,13,플라잉
2024,22,1,14,플라잉
2024,22,1,15,플라잉
2024,22,1,16,온라인
2024,22,1,17,온라인
2024,22,2,1,플라잉
2024,22,2,2,플라잉
2024,22,2,3,플라잉
2024,22,2,4,플라잉
2024,22,2,5,플라잉
2024,22,2,6,플라잉
2024,22,2,7,플라잉
2024,22,2,8,플라잉
2024,22,2,9,플라잉
2024,22,2,10,플라잉
2024,22,2,11,플라잉
2024,22,2,12,플라잉
2024,22,2,13,플라잉
2024,22,2,14,플라잉
2024,22,2,15,플라잉
2024,22,2,16,온라인
2024,22,2,17,온라인
2024,23,1,1,플라잉
2024,23,1,2,플라잉
2024,23,1,3,플라잉
2024,23,1,4,플라잉
2024,23,1,5,플라잉
2024,23,1,6,플라잉
2024,23,1,7,플라잉
2024,23,1,8,플라잉
2024,23,1,9,플라잉
2024,23,1,10,플라잉
2024,23,1,11,플라잉
2024,23,1,12,플라잉
2024,23,1,13,플라잉
2024,23,1,14,플라잉
2024,23,1,15,플라잉
2024,23,1,16,온라인
2024,23,1,17,온라인
2024,23,2,1,플라잉
2024,23,2,2,플라잉
2024,23,2,3,플라잉
2024,23,2,4,플라잉
2024,23,2,5,플라잉
2024,23,2,6,플라잉
2024,23,2,7,플라잉
2024,23,2,8,플라잉
2024,23,2,9,플라잉
2024,23,2,10,플라잉
2024,23,2,11,플라잉
2024,23,2,12,플라잉
2024,23,2,13,플라잉
2024,23,2,14,플라잉
2024,23,2,15,플라잉
2024,23,2,16,온라인
2024,23,2,17,온라인
2024,24,1,1,플라잉
2024,24,1,2,플라잉
2024,24,1,3,플라잉
2024,24,1,4,플라잉
2024,24,1,5,플라잉
2024,24,1,6,플라잉
2024,24,1,7,플라잉
2024,24,1,8,플라잉
2024,24,1,9,플라잉
2024,24,1,10,플라잉
2024,24,1,11,플라잉
2024,24,1,12,플라잉
2024,24,1,13,플라잉
2024,24,1,14,플라잉
2024,24,1,15,플라잉
2024,24,1,16,온라인
2024,24,1,17,온라인
2024,24,2,1,플라잉
2024,24,2,2,플라잉
2024,24,2,3,플라잉
2024,24,2,4,플라잉
2024,24,2,5,플라잉
2024,24,2,6,플라잉
2024,24,2,7,플라잉
2024,24,2,8,플라잉
2024,24,2,9,플라잉
2024,24,2,10,플라잉
2024,24,2,11,플라잉
2024,24,2,12,플라잉
2024,24,2,13,플라잉
2024,24,2,14,플라잉
2024,24,2,15,플라잉
2024,24,2,16,온라인
2024,24,2,17,온라인
2024,25,1,1,플라잉
2024,25,1,2,플라잉
2024,25,1,3,플라잉
2024,25,1,4,플라잉
2024,25,1,5,플라잉
2024,25,1,6,플라잉
2024,25,1,7,플라잉
2024,25,1,8,플라잉
2024,25,1,9,플라잉
2024,25,1,10,플라잉
2024,25,1,11,플라잉
2024,25,1,12,플라잉
2024,25,1,13,플라잉
2024,25,1,14,플라잉
2024,25,1,15,플라잉
2024,25,1,16,온라인
2024,25,1,17,온라인
2024,25,2,1,플라잉
2024,25,2,2,플라잉
2024,25,2,3,플라잉
2024,25,2,4,플라잉
2024,25,2,5,플라잉
2024,25,2,6,플라잉
2024,25,2,7,플라잉
2024,25,2,8,플라잉
2024,25,2,9,플라잉
2024,25,2,10,플라잉
2024,25,2,11,플라잉
2024,25,2,12,플라잉
2024,25,2,13,플라잉
2024,25,2,14,플라잉
2024,25,2,15,플라잉
2024,25,2,16,온라인
2024,25,2,17,온라인
2024,26,1,1,플라잉
2024,26,1,2,플라잉
2024,26,1,3,플라잉
2024,26,1,4,플라잉
2024,26,1,5,플라잉
2024,26,1,6,플라잉
2024,26,1,7,플라잉
2024,26,1,8,플라잉
2024,26,1,9,플라잉
2024,26,1,10,플라잉
2024,26,1,11,플라잉
2024,26,1,12,플라잉
2024,26,1,13,플라잉
2024,26,1,14,플라잉
2024,26,1,15,플라잉
2024,26,1,16,온라인
2024,26,1,17,온라인
2024,26,2,1,플라잉
2024,26,2,2,플라잉
2024,26,2,3,플라잉
2024,26,2,4,플라잉
2024,26,2,5,플라잉
2024,26,2,6,플라잉
2024,26,2,7,플라잉
2024,26,2,8,플라잉
2024,26,2,9,플라잉
2024,26,2,10,플라잉
2024,26,2,11,플라잉
2024,26,2,12,플라잉
2024,26,2,13,플라잉
2024,26,2,14,플라잉
2024,26,2,15,플라잉
2024,26,2,16,온라인
2024,26,2,17,온라인
2024,27,1,1,플라잉
2024,27,1,2,플라잉
2024,27,1,3,플라잉
2024,27,1,4,플라잉
2024,27,1,5,플라잉
2024,27,1,6,플라잉
2024,27,1,7,플라잉
2024,27,1,8,플라잉
2024,27,1,9,플라잉
2024,27,1,10,플라잉
2024,27,1,11,플라잉
2024,27,1,12,플라잉
2024,27,1,13,플라잉
2024,27,1,14,플라잉
2024,27,1,15,플라잉
2024,27,1,16,온라인
2024,27,1,17,온라인
2024,27,2,1,플라잉
2024,27,2,2,플라잉
2024,27,2,3,플라잉
2024,27,2,4,플라잉
2024,27,2,5,플라잉
2024,27,2,6,플라잉
2024,27,2,7,플라잉
2024,27,2,8,플라잉
2024,27,2,9,플라잉
2024,27,2,10,플라잉
2024,27,2,11,플라잉
2024,27,2,12,플라잉
2024,27,2,13,플라잉
2024,27,2,14,플라잉
2024,27,2,15,플라잉
2024,27,2,16,온라인
2024,27,2,17,온라인
2024,28,1,1,플라잉
2024,28,1,2,플라잉
2024,28,1,3,플라잉
2024,28,1,4,플라잉
2024,28,1,5,플라잉
2024,28,1,6,플라잉
2024,28,1,7,플라잉
2024,28,1,8,플라잉
2024,28,1,9,플라잉
2024,28,1,10,플라잉
2024,28,1,11,플라잉
2024,28,1,12,플라잉
2024,28,1,13,플라잉
2024,28,1,14,플라잉
2024,28,1,15,플라잉
2024,28,1,16,온라인
2024,28,1,17,온라인
2024,28,2,1,플라잉
2024,28,2,2,플라잉
2024,28,2,3,플라잉
2024,28,2,4,플라잉
2024,28,2,5,플라잉
2024,28,2,6,플라잉
2024,28,2,7,플라잉
2024,28,2,8,플라잉
2024,28,2,9,플라잉
2024,28,2,10,플라잉
2024,28,2,11,플라잉
2024,28,2,12,플라잉
2024,28,2,13,플라잉
2024,28,2,14,플라잉
2024,28,2,15,플라잉
2024,28,2,16,온라인
2024,28,2,17,온라인
2024,29,1,1,플라잉
2024,29,1,2,플라잉
2024,29,1,3,플라잉
2024,29,1,4,플라잉
2024,29,1,5,플라잉
2024,29,1,6,플라잉
2024,29,1,7,플라잉
2024,29,1,8,플라잉
2024,29,1,9,플라잉
2024,29,1,10,플라잉
2024,29,1,11,플라잉
2024,29,1,12,플라잉
2024,29,1,13,플라잉
2024,29,1,14,플라잉
2024,29,1,15,플라잉
2024,29,1,16,온라인
2024,29,1,17,온라인
2024,29,2,1,플라잉
2024,29,2,2,플라잉
2024,29,2,3,플라잉
2024,29,2,4,플라잉
2024,29,2,5,플라잉
2024,29,2,6,플라잉
2024,29,2,7,플라잉
2024,29,2,8,플라잉
2024,29,2,9,플라잉
2024,29,2,10,플라잉
2024,29,2,11,플라잉
2024,29,2,12,플라잉
2024,29,2,13,플라잉
2024,29,2,14,플라잉
2024,29,2,15,플라잉
2024,29,2,16,온라인
2024,29,2,17,온라인
2024,30,1,1,플라잉
2024,30,1,2,플라잉
2024,30,1,3,플라잉
2024,30,1,4,플라잉
2024,30,1,5,플라잉
2024,30,1,6,플라잉
2024,30,1,7,플라잉
2024,30,1,8,플라잉
2024,30,1,9,플라잉
2024,30,1,10,플라잉
2024,30,1,11,플라잉
2024,30,1,12,플라잉
2024,30,1,13,플라잉
2024,30,1,14,플라잉
2024,30,1,15,플라잉
2024,30,1,16,온라인
2024,30,1,17,온라인
2024,30,2,1,플라잉
2024,30,2,2,플라잉
2024,30,2,3,플라잉
2024,30,2,4,플라잉
2024,30,2,5,플라잉
2024,30,2,6,플라잉
2024,30,2,7,플라잉
2024,30,2,8,플라잉
2024,30,2,9,플라잉
2024,30,2,10,플라잉
2024,30,2,11,플라잉
2024,30,2,12,플라잉
2024,30,2,13,플라잉
2024,30,2,14,플라잉
2024,30,2,15,플라잉
2024,30,2,16,온라인
2024,30,2,17,온라인
2024,31,1,1,플라잉
2024,31,1,2,플라잉
2024,31,1,3,플라잉
2024,31,1,4,플라잉
2024,31,1,5,플라잉
2024,31,1,6,플라잉
2024,31,1,7,플라잉
2024,31,1,8,플라잉
2024,31,1,9,플라잉
2024,31,1,10,플라잉
2024,31,1,11,플라잉
2024,31,1,12,플라잉
2024,31,1,13,플라잉
2024,31,1,14,플라잉
2024,31,1,15,플라잉
2024,31,1,16,온라인
2024,31,1,17,온라인
2024,31,2,1,플라잉
2024,31,2,2,플라잉
2024,31,2,3,플라잉
2024,31,2,4,플라잉
2024,31,2,5,플라잉
2024,31,2,6,플라잉
2024,31,2,7,플라잉
2024,31,2,8,플라잉
2024,31,2,9,플라잉
2024,31,2,10,플라잉
2024,31,2,11,플라잉
2024,31,2,12,플라잉
2024,31,2,13,플라잉
2024,31,2,14,플라잉
2024,31,2,15,플라잉
2024,31,2,16,온라인
2024,31,2,17,온라인
2024,32,1,1,플라잉
2024,32,1,2,플라잉
2024,32,1,3,플라잉
2024,32,1,4,플라잉
2024,32,1,5,플라잉
2024,32,1,6,플라잉
2024,32,1,7,플라잉
2024,32,1,8,플라잉
2024,32,1,9,플라잉
2024,32,1,10,플라잉
2024,32,1,11,플라잉
2024,32,1,12,플라잉
2024,32,1,13,플라잉
2024,32,1,14,플라잉
2024,32,1,15,플라잉
2024,32,1,16,온라인
2024,32,1,17,온라인
2024,32,2,1,플라잉
2024,32,2,2,플라잉
2024,32,2,3,플라잉
2024,32,2,4,플라잉
2024,32,2,5,플라잉
2024,32,2,6,플라잉
2024,32,2,7,플라잉
2024,32,2,8,플라잉
2024,32,2,9,플라잉
2024,32,2,10,플라잉
2024,32,2,11,플라잉
2024,32,2,12,플라잉
2024,32,2,13,플라잉
2024,32,2,14,플라잉
2024,32,2,15,플라잉
2024,32,2,16,온라인
2024,32,2,17,온라인
2024,33,1,1,플라잉
2024,33,1,2,플라잉
2024,33,1,3,플라잉
2024,33,1,4,플라잉
2024,33,1,5,플라잉
2024,33,1,6,플라잉
2024,33,1,7,플라잉
2024,33,1,8,플라잉
2024,33,1,9,플라잉
2024,33,1,10,플라잉
2024,33,1,11,플라잉
2024,33,1,12,플라잉
2024,33,1,13,플라잉
2024,33,1,14,플라잉
2024,33,1,15,플라잉
2024,33,1,16,온라인
2024,33,1,17,온라인
2024,33,2,1,플라잉
2024,33,2,2,플라잉
2024,33,2,3,플라잉
2024,33,2,4,플라잉
2024,33,2,5,플라잉
2024,33,2,6,플라잉
2024,33,2,7,플라잉
2024,33,2,8,플라잉
2024,33,2,9,플라잉
2024,33,2,10,플라잉
2024,33,2,11,플라잉
2024,33,2,12,플라잉
2024,33,2,13,플라잉
2024,33,2,14,플라잉
2024,33,2,15,플라잉
2024,33,2,16,온라인
2024,33,2,17,온라인
2024,34,1,1,플라잉
2024,34,1,2,플라잉
2024,34,1,3,플라잉
2024,34,1,4,플라잉
2024,34,1,5,플라잉
2024,34,1,6,플라잉
2024,34,1,7,플라잉
2024,34,1,8,플라잉
2024,34,1,9,플라잉
2024,34,1,10,플라잉
2024,34,1,11,플라잉
2024,34,1,12,플라잉
2024,34,1,13,플라잉
2024,34,1,14,플라잉
2024,34,1,15,플라잉
2024,34,1,16,온라인
2024,34,1,17,온라인
2024,34,2,1,플라잉
2024,34,2,2,플라잉
2024,34,2,3,플라잉
2024,34,2,4,플라잉
2024,34,2,5,플라잉
2024,34,2,6,플라잉
2024,34,2,7,플라잉
2024,34,2,8,플라잉
2024,34,2,9,플라잉
2024,34,2,10,플라잉
2024,34,2,11,플라잉
2024,34,2,12,플라잉
2024,34,2,13,플라잉
2024,34,2,14,플라잉
2024,34,2,15,플라잉
2024,34,2,16,온라인
2024,34,2,17,온라인
2024,35,1,1,플라잉
2024,35,1,2,플라잉
2024,35,1,3,플라잉
2024,35,1,4,플라잉
2024,35,1,5,플라잉
2024,35,1,6,플라잉
2024,35,1,7,플라잉
2024,35,1,8,플라잉
2024,35,1,9,플라잉
2024,35,1,10,플라잉
2024,35,1,11,플라잉
2024,35,1,12,플라잉
2024,35,1,13,플라잉
2024,35,1,14,플라잉
2024,35,1,15,플라잉
2024,35,1,16,온라인
2024,35,1,17,온라인
2024,35,2,1,플라잉
2024,35,2,2,플라잉
2024,35,2,3,플라잉
2024,35,2,4,플라잉
2024,35,2,5,플라잉
2024,35,2,6,플라잉
2024,35,2,7,플라잉
2024,35,2,8,플라잉
2024,35,2,9,플라잉
2024,35,2,10,플라잉
2024,35,2,11,플라잉
2024,35,2,12,플라잉
2024,35,2,13,플라잉
2024,35,2,14,플라잉
2024,35,2,15,플라잉
2024,35,2,16,온라인
2024,35,2,17,온라인
2024,36,1,1,플라잉
2024,36,1,2,플라잉
2024,36,1,3,플라잉
2024,36,1,4,플라잉
2024,36,1,5,플라잉
2024,36,1,6,플라잉
2024,36,1,7,플라잉
2024,36,1,8,플라잉
2024,36,1,9,플라잉
2024,36,1,10,플라잉
2024,36,1,11,플라잉
2024,36,1,12,플라잉
2024,36,1,13,플라잉
2024,36,1,14,플라잉
2024,36,1,15,플라잉
2024,36,1,16,온라인
2024,36,1,17,온라인
2024,36,2,1,플라잉
2024,36,2,2,플라잉
2024,36,2,3,플라잉
2024,36,2,4,플라잉
2024,36,2,5,플라잉
2024,36,2,6,플라잉
2024,36,2,7,플라잉
2024,36,2,8,플라잉
2024,36,2,9,플라잉
2024,36,2,10,플라잉
2024,36,2,11,플라잉
2024,36,2,12,플라잉
2024,36,2,13,플라잉
2024,36,2,14,플라잉
2024,36,2,15,플라잉
2024,36,2,16,온라인
2024,36,2,17,온라인
2024,37,1,1,플라잉
2024,37,1,2,플라잉
2024,37,1,3,플라잉
2024,37,1,4,플라잉
2024,37,1,5,플라잉
2024,37,1,6,플라잉
2024,37,1,7,플라잉
2024,37,1,8,플라잉
2024,37,1,9,플라잉
2024,37,1,10,플라잉
2024,37,1,11,플라잉
2024,37,1,12,플라잉
2024,37,1,13,플라잉
2024,37,1,14,플라잉
2024,37,1,15,플라잉
2024,37,1,16,온라인
2024,37,1,17,온라인
2024,37,2,1,플라잉
2024,37,2,2,플라잉
2024,37,2,3,플라잉
2024,37,2,4,플라잉
2024,37,2,5,플라잉
2024,37,2,6,플라잉
2024,37,2,7,플라잉
2024,37,2,8,플라잉
2024,37,2,9,플라잉
2024,37,2,10,플라잉
2024,37,2,11,플라잉
2024,37,2,12,플라잉
2024,37,2,13,플라잉
2024,37,2,14,플라잉
2024,37,2,15,플라잉
2024,37,2,16,온라인
2024,37,2,17,온라인
